ancestry,white,black,indig,asian,latino,mixed,other,N,meso,big,entropy,eplusone,eminusone,eplustwo,eminustwo
Alsatian,629.7595,0,3.916136,0,0,0,10.32436,644,1,1,0.0621360263708,0.0483453882602,0.0758842646874,0.035543697789,0.0882691817551
Austrian,30928.03,18.99342,5.155703,13.91067,92.25547,47.65377,12.0016,31118,1,1,0.0235553433285,0.0220447234182,0.0250267721388,0.0205274641127,0.0265335230472
Belgian,17836.5,27.07027,4.856213,3.187668,40.81709,29.99645,28.57694,17971,1,1,0.0287592014066,0.0266026590998,0.0308894070416,0.0243673134783,0.0330077708288
Flemish,569.754,0,0,.7971825,0,.6814624,3.76733,575,1,1,0.0317934067259,0.0203608776567,0.0422775799335,0.00760417696466,0.0541957084932
British,91306.78,970.1521,14.64692,115.4479,187.1031,260.4487,51.41848,92906,1,1,0.0552568495956,0.0540986190978,0.0564150752869,0.0529117109533,0.0576039539253
British Isles,5458.981,22.90117,.7950015,0,.2692747,8.232113,7.821789,5499,1,1,0.0263807316299,0.022885139061,0.0299311744912,0.0189965700291,0.0334561717468
Danish,61326.22,49.22575,35.93017,9.981317,122.7304,115.8578,17.05945,61677,1,1,0.0223925641416,0.021355687949,0.0234241719906,0.0202963580585,0.0244308557911
Dutch,188149.5,301.7774,68.55331,112.3274,340.8861,450.2738,83.69216,189507,1,1,0.0276649601923,0.027002420998,0.0283244386428,0.026303860656,0.0289839799022
English,1475830,9887.857,437.6409,454.7465,3005.809,3460.28,310.5112,1493387,1,1,0.0401232055445,0.0398678300587,0.0403825224475,0.0396115544682,0.04064915763
Finnish,39381.84,20.74917,12.67733,22.45173,83.08241,82.44548,11.75868,39615,1,1,0.0230809236926,0.0217734198776,0.0243682745557,0.0204720327716,0.0257052748266
"French (1990-2000,ACS, PRCS)",290311.2,2804.199,773.0221,84.81676,1358.854,1214.943,154.9639,296702,1,1,0.0690380412959,0.0683101012719,0.0697805493544,0.0675348778055,0.0705058513539
"German (1990-2000, ACS, PRCS)",2599898,1966.257,492.573,310.4092,4381.99,4742.331,631.0471,2612423,1,1,0.0190543739327,0.0189065054011,0.0192040059555,0.0187479365522,0.0193539212294
"Pennsylvania German (1990-2000, ACS, PRCS)",31596.12,25.11839,5.019095,3.334604,29.62183,48.31165,9.476692,31717,1,1,0.0157901695174,0.0145250494546,0.0170625551078,0.0131917508915,0.018308580119
Prussian,2399.976,0,0,2.227712,22.03366,18.81991,4.942356,2448,1,1,0.0611249845208,0.0537413592394,0.0684577271101,0.0461995904673,0.0758232388381
Greek,89285.59,87.86586,21.70461,9.966842,267.4634,445.1388,33.2696,90151,1,1,0.0337922861075,0.0328071204106,0.0347939926044,0.0317629858241,0.0357905518243
Icelander,2552.173,59.19725,47.0805,2.158107,17.22869,25.33063,.8318961,2704,1,1,0.151127824086,0.141175758272,0.160999390512,0.131212313708,0.1701969009
"Irish, various subheads,",1448683,2024.929,412.2395,174.5084,2484.257,3633.71,390.916,1457804,1,1,0.0240382484217,0.0238183568215,0.0242562295195,0.0235909789504,0.0244840405383
Celtic,4593.201,1.259372,1.191664,4.888531,27.8416,43.1572,13.46039,4685,1,1,0.0627831076485,0.0573682975046,0.0683049534931,0.0517760015553,0.0734545846909
Irish Scotch,22620.7,10.42916,6.804766,0,31.40105,60.84019,2.829296,22733,1,1,0.0190617853212,0.0174951626315,0.0206249770769,0.0159031085995,0.0221328221031
"Italian (1990-2000, ACS, PRCS)",1022933,1294.462,252.4902,188.2224,7550.601,2813.95,529.3448,1035562,1,1,0.0410514790117,0.0407387985435,0.0413670147921,0.0404169152858,0.0416699258637
Sicilian,6698.218,44.99492,3.678577,0,66.13421,51.53015,14.44368,6879,1,1,0.0809070133973,0.0759522964827,0.0859310251536,0.0708218753276,0.0908042753036
Luxemburger,2246.346,0,0,.5444697,1.660632,.2586231,.1905644,2249,1,1,0.00575570065817,0.00299428096328,0.00865312468166,-0.000235850854869,0.0106451990731
Maltese,2593.265,.1906722,.3589123,.9421448,6.729606,7.660534,50.85339,2660,1,1,0.0710169291754,0.063747958612,0.0781201718459,0.0564356363048,0.0850944906208
Norwegian,255698,111.6352,87.87914,31.95009,446.9342,480.9689,52.65145,256910,1,1,0.0187500106773,0.0182786585248,0.0192220403475,0.0178037299255,0.0197083971446
Portuguese,92786.24,742.7251,105.2072,98.73208,1317.81,1310.376,721.9066,97083,1,1,0.127370674858,0.125794132049,0.128910296692,0.124269554671,0.130517880279
Scotch Irish,301575.6,110.2521,43.61249,16.78984,345.056,529.7564,63.9803,302685,1,1,0.0148993143979,0.0145131102203,0.01528698219,0.0141068186461,0.0156638715098
Scottish,258425,265.1616,103.5061,15.67039,363.2034,650.4783,80.95006,259904,1,1,0.0221511223194,0.021646640122,0.0226582496835,0.0211413639303,0.0231636359334
Swedish,166435.4,62.8992,29.16921,25.23878,261.0768,298.49,56.744,167169,1,1,0.0176291388511,0.0170584638899,0.0182086443125,0.0164485677592,0.0187653914152
Swiss,38232.4,8.432942,14.55071,11.0844,98.12996,67.74809,14.65418,38447,1,1,0.021709647441,0.0204137781956,0.0229813491748,0.0191264308267,0.0242726028341
Romansch (1980),5114.389,3.501216,1.685023,0,5.166059,3.259057,0,5128,1,1,0.0114586127478,0.00882593394659,0.0140764208992,0.00581837830444,0.0165026946654
Welsh,60125.74,24.50861,18.30452,5.083906,81.20709,131.3076,31.84519,60418,1,1,0.0192716579627,0.0183016982806,0.0202616899702,0.0172812352791,0.0212504679865
"Scandinavian, Nordic",39048.39,48.44636,2.474953,19.11649,84.47316,50.13739,8.959105,39262,1,1,0.0214466888847,0.0201778149682,0.0227282306252,0.0188692515565,0.0239772649707
Albanian,14303.23,21.80207,11.52705,.1836315,35.74971,126.3134,15.19133,14514,1,1,0.0480458365675,0.0452568357639,0.0508204296794,0.0423378978335,0.0536532495444
Belourussian,3401.154,1.816112,0,0,1.57184,18.16112,.2973751,3423,1,1,0.0221988089364,0.0181664655078,0.0262255887965,0.0137511125787,0.0300189761588
Bulgarian,7185.694,.7097063,0,2.617618,18.42471,26.95962,3.594617,7238,1,1,0.0263187176086,0.0231613253188,0.0294838771394,0.0198909200833,0.032510501631
Carpatho Rusyn,58,0,0,0,0,0,0,58,1,1,-0.0,0.0,0.0,0.0,0.0
"Turkestani (1990-2000, 2012 ACS)",30.76402,0,0,5.868511,0,58.36747,0,95,1,1,0.435154871562,0.404537075703,0.466075238493,0.376663572339,0.501970189816
Croatian,23077.88,26.13391,1.31456,6.662687,86.12056,91.65969,3.224606,23293,1,1,0.0326624649677,0.030747749954,0.0345470973634,0.0287878255483,0.036440669868
Czechoslovakian,26162.56,8.548152,8.842916,10.00916,42.81766,46.44453,18.77518,26298,1,1,0.0207473211542,0.019213766949,0.0222843303451,0.0175301859523,0.0238404245323
Czech,52906.49,30.06547,9.614169,16.14066,86.73337,107.9233,18.02959,53175,1,1,0.020095524296,0.0190103246224,0.0211639484999,0.0179261724101,0.0221644918751
"Bohemian (1990-2000, ACS, PRCS)",17653.01,211.4102,7.058063,1.2073,60.09967,49.95039,3.263691,17986,1,1,0.057303777969,0.0546818376235,0.0599048631137,0.0520173076982,0.0624730075917
Estonian,2043.388,.6400971,0,0,4.399213,2.630217,.9426885,2052,1,1,0.0169658930637,0.0122189091398,0.0216111280322,0.00682330782169,0.0267020140607
Georgian,672.7725,4.395746,0,0,3.52617,1.74713,.5584432,683,1,1,0.0506402413702,0.0373693090092,0.0638213581663,0.0237103322136,0.0766353737286
German from Russia (1990-2000); German Russian (ACS),765.4602,182.7611,1.448709,0,10.77698,256.7866,11.76634,1229,1,1,0.514833048906,0.502944893136,0.526799767784,0.490558213697,0.539510106109
Rom,574.6002,2.653392,7.367293,.456811,60.00747,46.50725,26.40756,718,1,1,0.391335192108,0.370251262116,0.412647165081,0.349660384444,0.435003623272
Hungarian,74480.49,33.32401,5.854843,33.405,206.8287,184.3581,28.74196,74973,1,1,0.0247985484817,0.0238332935092,0.0257723567419,0.022822102016,0.0267397157257
Latvian,6203.039,2.572851,2.163534,24.14972,34.254,15.01609,20.80501,6302,1,1,0.053939003098,0.0492920730153,0.0584702977789,0.0446975876564,0.063123017917
Lithuanian,36317.52,26.69171,2.357554,6.185662,105.5647,65.55634,7.119346,36531,1,1,0.0221866152776,0.0208652280171,0.0235008265878,0.0194887695101,0.0247734249875
Macedonian,4048.299,0,0,0,15.76145,21.79047,8.149442,4094,1,1,0.0376674535779,0.032995751802,0.0423172851733,0.0281661128717,0.0467765473755
Polish,508089.8,305.5458,91.84585,44.40337,1181.863,965.4138,128.1759,510807,1,1,0.0205994804181,0.0202511140402,0.0209472016286,0.0199232064833,0.0212962522502
"Romanian (1990-2000, ACS, PRCS)",31196.01,32.28944,15.25776,10.88274,143.0004,136.692,19.87196,31554,1,1,0.0398672630063,0.038070575616,0.0416544841859,0.036253262666,0.0435345552791
Moldavian,147.6979,0,0,0,0,.3020982,0,148,1,1,0.00909496210039,-0.00583916816985,0.0150909096922,-0.0218989449884,0.0150909096922
Russian,178986.8,124.2733,13.15157,45.82251,535.7372,600.0871,125.1479,180431,1,1,0.0293458362072,0.0286702863095,0.0300244232033,0.0279917370246,0.0306698705381
"Serbian (1990-2000, ACS, PRCS)",11065.87,3.483927,0,0,37.73741,42.7629,2.147908,11152,1,1,0.0270337892381,0.024528909603,0.0294665717952,0.0220479822402,0.0319215108787
"Bosnian (1990), Herzegovinian (2000, ACS, PRCS) ",12466.45,.6499738,.4689684,17.51638,33.97964,135.2028,73.735,12728,1,1,0.0639636827974,0.0606678453149,0.0672298590488,0.0572009313735,0.0705632353267
"Montenegrin (1990-2000, 2012 ACS)",48,0,0,0,0,0,0,48,1,1,-0.0,0.0,0.0,0.0,0.0
Slovak,45902.21,12.89759,3.563808,7.454904,46.69315,46.8871,7.29732,46027,1,1,0.0116355928271,0.0107239994651,0.0125463206812,0.00978415225042,0.0134697916726
Slovene,10347.84,2.642619,.395158,0,14.83077,15.84337,3.445284,10385,1,1,0.0145401288717,0.0124798701625,0.0165997053429,0.01021604807,0.0185882586578
Uzbek,143.5299,0,0,.8231046,0,66.64702,0,211,1,1,0.335764782753,0.318908365789,0.352462182274,0.30322599941,0.370913709659
"Ukrainian (1990-2000, ACS, PRCS)",68509.4,20.6937,7.672569,14.46668,234.0245,242.1641,26.576,69055,1,1,0.0283851581811,0.0273342174428,0.0294310926156,0.0262549111682,0.030476725362
Yugoslavian,13167.87,14.14932,1.632613,2.002262,55.95038,41.62651,.7701006,13284,1,1,0.0310587616573,0.0285649608592,0.0335292429303,0.0260796846381,0.0360172117253
Slav,6766.108,40.84629,.4969711,3.005492,32.90659,52.98659,4.65023,6901,1,1,0.0627135926646,0.0581448484407,0.0672778699736,0.0534794517698,0.0716524925971
Slavonian,359.9403,.593074,0,0,2.946837,1.519752,0,365,1,1,0.0461254178336,0.0295595397276,0.0610822468664,0.0109718834197,0.0785844265145
"Mexican (1990-2000, ACS, PRCS)",17612.73,444.2622,188.4367,89.0993,1926635,779.5576,4279.793,1950029,6,5,0.0381617469922,0.0379512161579,0.038374170811,0.0377369170319,0.0385862859754
"Mexicano/Mexicana (1990-2000, ACS, PRCS)",421.861,4.688791,21.64659,0,115784,41.5479,184.2174,116458,6,5,0.0211635037082,0.0204649761882,0.0218790107699,0.0197158212271,0.0225663487896
Mexican Indian,162.226,19.075,22.88291,3.072899,1952.646,10.8747,2.22276,2173,6,5,0.217727007832,0.206720426547,0.228823871072,0.195091204513,0.240342249866
Mexican American,6010.424,113.6893,32.80674,13.65738,339716.2,332.5282,788.7443,347008,6,5,0.05933218612,0.0587606713435,0.0599040761086,0.0581722828037,0.060489005675
Mexican American Indian,459.4277,17.67822,223.0285,3.295635,11203.46,144.7841,43.32686,12095,6,5,0.181928427207,0.177181630367,0.186684478475,0.172441032544,0.191194083418
Chicano/Chicana,69.60263,1.921334,1.052159,2.367358,6572.725,5.638202,35.69336,6689,6,5,0.0542803573178,0.0500296801461,0.0584881649245,0.0456421673308,0.0626105602445
"Mexican state (1990-2000, ACS, PRCS)",564.703,26.64111,10.88005,.083436,36543.18,11.41404,93.09786,37250,6,5,0.055206667897,0.0534924176508,0.0569264208997,0.0516865419419,0.0586829752881
Costa Rican,288.6593,147.1115,.8630451,.5195029,7612.293,6.058074,40.49609,8096,6,5,0.145688655233,0.140519026543,0.15079924641,0.135541590496,0.155889154608
Guatemalan,725.4607,45.81281,84.0888,1.565802,66557.64,32.42483,357.0028,67804,6,5,0.0573202882693,0.0559332582396,0.0586857283634,0.0545787472865,0.060080551941
Honduran,536.1611,204.2054,12.04991,5.971952,37025.2,36.48898,135.9202,37956,6,5,0.0736518920588,0.0716223779146,0.0756407718176,0.069636822531,0.07767328808
Nicaraguan,451.6131,61.62987,1.662463,4.631146,26226.12,14.23272,87.10965,26847,6,5,0.0669730612286,0.0647244166905,0.0691935399297,0.0624193733349,0.071420193126
"Panamanian (1990-2000, ACS, PRCS)",422.998,1128.88,29.16161,12.41597,8681.609,66.37313,79.56226,10421,6,5,0.317194001359,0.311962103798,0.322461683562,0.306557978466,0.328015953326
Salvadoran,1051.71,31.53106,4.463438,6.842428,112029.3,65.99998,495.1849,113685,6,5,0.0457561864988,0.0448010056868,0.0467006471142,0.0438178375111,0.0476457436145
"Central American (1990-2000, ACS, PRCS)",127.1311,126.3595,40.53675,1.673635,3628.322,11.40028,59.57707,3995,6,5,0.224254565284,0.215507384637,0.233066291018,0.206827238532,0.241986184663
"Latin American (1990-2000, ACS, PRCS)",303.777,25.89682,1.985987,4.806991,3265.414,27.92794,58.19167,3688,6,5,0.238451842041,0.229705536379,0.247187364278,0.221401027261,0.256317279202
"Latino/Latina (1990-2000, ACS, PRCS)",500.4656,52.33132,5.004115,11.32463,22583.21,77.99206,304.6739,23535,6,5,0.110948825079,0.107968496313,0.11389339829,0.105093415584,0.116849724521
"Latin (1990-2000, ACS, PRCS)",473.0057,30.21469,9.139211,33.69474,4833.613,29.26065,89.07208,5498,6,5,0.251785966353,0.244637296357,0.258989454036,0.237114934617,0.266128793697
Argentinean,896.8392,15.97222,.2133845,.0948375,9222.256,14.69982,32.92444,10183,6,5,0.176040542671,0.171886759996,0.180199595379,0.167899832863,0.184338121791
Bolivian,160.9398,3.123298,.5150989,.5069228,6252.713,21.06182,32.14054,6471,6,5,0.0902036148519,0.0851557560642,0.0951961278684,0.0801501616063,0.100025243928
Chilean,420.6653,.2054117,.5269257,.8930944,7990.971,6.662485,48.07527,8468,6,5,0.123870346265,0.119446204364,0.128262729233,0.115059875761,0.132606615384
Colombian,2110.318,84.26858,7.88417,4.41965,67426.43,71.13119,208.5485,69913,6,5,0.0897879533479,0.0883221138197,0.0912545081156,0.0868702642622,0.0927131914469
Ecuadorian,659.8545,20.50026,7.994881,8.437811,37419.47,15.59113,137.1532,38269,6,5,0.0632258518515,0.0613782529799,0.0650707467105,0.0595276123535,0.0668951610178
Paraguayan,41.77796,0,3.712535,0,675.5538,1.864234,1.091453,724,6,5,0.146172877992,0.130108714328,0.162277834117,0.113391699088,0.177784762798
Peruvian,940.6914,14.64697,6.522351,13.18227,34821.85,62.48024,167.6309,36027,6,5,0.0883124528653,0.0862054606144,0.0904034686886,0.0841118048435,0.0924960261171
Uruguayan,103.8392,.655568,.7921447,5.865968,2519.061,2.717876,16.06824,2649,6,5,0.11923213072,0.11098636075,0.127572348766,0.102034969498,0.135756923775
Venezuelan,398.3152,30.95169,.3255437,1.185313,11852.74,12.81307,23.67287,12320,6,5,0.0943879045173,0.0908742163202,0.0978696664601,0.087306791259,0.101445331933
"South American (1990-2000, ACS, PRCS)",371.1786,372.8241,1.943797,49.99023,2162.243,19.17816,109.6417,3087,6,5,0.504567990555,0.495096150605,0.513967276624,0.485581187152,0.523642782852
Puerto Rican,4405.625,759.3993,34.43053,24.55737,267398.3,267.5959,1137.09,274027,6,5,0.0709827080741,0.0702693191881,0.0716909072144,0.0695547610969,0.0724238515123
Cuban,4974.396,314.0535,8.169901,9.771667,126905.6,137.1523,155.8366,132505,6,5,0.100345920489,0.0992474273133,0.101431306553,0.0981958646673,0.102463695536
Dominican,1046.308,1202.752,134.7312,6.648169,97991.98,162.7744,658.8033,101204,6,5,0.0944520955456,0.0931151869852,0.095811378262,0.0917399585006,0.0971398871437
Hispanic,11582.05,745.9477,92.11349,67.04616,295538.6,1050.365,1938.866,311015,6,5,0.123652852812,0.122869439492,0.12443020628,0.122056395246,0.125245727358
Spanish American,2267.26,32.30201,13.31426,9.064562,8402.121,85.48295,171.455,10981,6,5,0.341613512461,0.337267347788,0.34596903093,0.332892470066,0.350250941928
Bahamian,266.366,2783.099,2.031865,0,35.77808,71.0386,13.68634,3172,7,2,0.250552484481,0.241483067932,0.259561909501,0.232091666229,0.268922787503
Barbadian,94.31385,4923.753,4.760531,3.281809,36.13806,56.12466,10.62772,5129,7,2,0.113967420724,0.10752027938,0.120393716444,0.100962047102,0.127039742498
Belizean,380.7683,2194.228,13.34088,11.59568,291.2683,181.8426,757.9562,3831,7,2,0.641247982402,0.633514141243,0.648987061333,0.626067194664,0.656574853106
Jamaican,1023.567,76092.21,62.49998,277.9308,609.5281,1772.225,398.043,80236,7,2,0.143226476059,0.141432017018,0.145022665456,0.139703743748,0.146878584987
Dutch West Indies,1401.592,239.9973,10.17709,1.967712,32.26624,85.83877,13.16039,1785,7,2,0.386961907151,0.37391026586,0.399980772038,0.36055474583,0.413685510227
Trinidadian/Tobagonian,298.3141,8808.041,46.11803,527.3109,109.5208,420.314,192.3815,10402,7,2,0.344035954627,0.33800731606,0.349981304168,0.332090899428,0.356342922424
Trinidadian,117.703,4518.353,49.75781,292.5845,49.71492,674.0897,78.7975,5781,7,2,0.418476470628,0.410715656051,0.426273863703,0.402988628316,0.4343767129
"Antigua (1990-2000, ACS, PRCS)",2.091381,1382.412,0,0,1.400316,13.00293,11.09341,1410,7,2,0.060964450123,0.0514437808772,0.0706547958288,0.041386167678,0.0796751026708
British West Indian,23.67861,1064.184,2.85941,2.634702,136.982,18.67886,5.982851,1255,7,2,0.295168055506,0.279853509213,0.310508893255,0.264317076327,0.325938157525
"St Vincent Islander (1990); Vincent-Grenadine Islander (2000 Census, 2005 ACS, 2005 PRCS)",8.972288,1214.261,.8207732,.0787043,15.08874,18.42805,3.350554,1261,7,2,0.107672268923,0.0950177643583,0.120155933449,0.0820453537915,0.132534910559
Grenadian,46.83447,2312.911,0,1.229751,12.6266,48.29804,3.100359,2425,7,2,0.123380860249,0.11408067589,0.132587884648,0.104585495034,0.141876721894
St Lucia Islander,3.201706,1004.265,.976258,.7453153,9.416166,22.90532,5.490139,1047,7,2,0.116093301596,0.101901643416,0.13038240573,0.0874237790416,0.14384794349
"West Indian (1990-2000, ACS, PRCS)",368.557,14990.35,87.56629,475.4079,739.5138,672.7487,271.8604,17606,7,2,0.341375956223,0.336728984995,0.346167782399,0.331822927067,0.350831703859
Haitian,512.4202,67746.51,87.81294,287.9146,274.3577,1107.138,141.8492,70158,7,2,0.102936789901,0.101210150619,0.104676591179,0.0994366548467,0.106400942838
Guyanese/British Guiana,409.6396,10006.6,199.898,2944.193,114.3043,979.9394,3230.428,17885,7,2,0.647184018374,0.643654544076,0.650743449551,0.63998467622,0.654235264343
Algerian,741.3737,68.41009,0,1.373001,.4398934,22.70117,18.70214,853,8,1,0.268244446017,0.250247531437,0.286251169257,0.233003766339,0.303817316705
Egyptian,16443.55,646.962,10.20779,31.31673,42.79568,552.7615,143.4098,17871,8,1,0.191719737006,0.18786683091,0.195588119246,0.184035880044,0.199554748012
"Moroccan (1990-2000, ACS, PRCS)",3984.14,564.7703,56.85994,92.96868,28.49173,268.3575,114.4116,5110,8,1,0.426325972335,0.418054741019,0.434589832056,0.409516191762,0.442922819114
North African,46.90798,4.099224,0,0,0,6.992794,0,58,8,1,0.325292998757,0.269066501902,0.382064745313,0.218397474386,0.447976795026
Iranian,39608.58,41.2597,5.31687,516.119,100.3044,2414.605,211.8116,42898,8,1,0.173202309167,0.170913765442,0.175532168298,0.168520091285,0.177922319217
Iraqi,5319.262,15.9009,5.115811,45.10739,16.05796,232.2758,15.28012,5649,8,1,0.145187358092,0.13874202144,0.151588240721,0.132433994306,0.157926343129
Israeli,11575.11,125.8656,.7549194,10.05906,71.8546,89.21774,27.13788,11900,8,1,0.0838859257532,0.0800246365837,0.0877418215009,0.0761494233016,0.0916395817378
Jordanian,4871.494,6.279677,.2900938,21.83382,19.3083,218.7136,32.08096,5170,8,1,0.141160182265,0.134802416711,0.147550261061,0.128183611629,0.154201665204
Lebanese,32331.43,47.70651,6.002324,109.4774,389.1316,497.3815,64.87087,33446,8,1,0.0971274002405,0.094774756136,0.0994492098477,0.09240508095,0.101854055748
Saudi Arabian,128.301,.2241309,1.940133,0,0,58.93943,.5953478,190,8,1,0.365668268256,0.34215353438,0.389572773954,0.318294167141,0.411359159251
"Syrian (1990-2000, ACS, PRCS)",9758.375,14.50991,1.89397,33.42857,84.73411,193.7426,25.31606,10112,8,1,0.100409324783,0.0960311998024,0.104738114599,0.0916748505153,0.108972948095
Armenian,39660.05,31.43982,1.681382,7.697895,142.0464,632.2099,27.87448,40503,8,1,0.0606735791818,0.0588993179709,0.062414255302,0.0571403480821,0.0641595518715
Turkish,13949.37,30.48034,10.19128,53.55563,112.3285,368.3352,83.73677,14608,8,1,0.124730439789,0.12078684841,0.128642117123,0.116837682536,0.132474510962
Yemeni,1752.185,54.25237,0,161.4919,2.488958,143.7166,6.865375,2121,8,1,0.337906067973,0.326071991752,0.349664344482,0.314440077054,0.362250406056
Kurdish,937.0377,1.698562,4.269154,9.903225,3.207553,49.27347,4.610383,1010,8,1,0.17601809586,0.160122293662,0.191855689777,0.143322871501,0.208171184931
Palestinian,7572.43,19.67557,7.552726,64.06828,45.76856,332.6374,49.86723,8092,8,1,0.161266453451,0.155622159549,0.16687274727,0.150050070125,0.172653712037
Assyrian ,3994.398,0,.1787657,16.52172,6.369706,144.0476,2.483903,4164,8,1,0.0995140486941,0.0934450681787,0.105701719282,0.0873141348049,0.1118430052
"Chaldean (2000, ACS, PRCS)",3540.229,9.071027,3.545304,49.64309,5.870528,104.9711,2.670029,3716,8,1,0.124409516206,0.116871684419,0.132036994185,0.109523257371,0.139679765579
Middle Eastern,5923.079,20.64694,0,69.87485,42.43785,276.3258,46.63551,6379,8,1,0.176014094051,0.169462021924,0.182467678254,0.162985874121,0.189072707496
Arab,21007.82,205.1439,5.302821,353.9633,187.444,1350.777,154.5522,23265,8,1,0.224585235794,0.220983233588,0.228200298606,0.217401126904,0.231881772666
Other Arab,1632.578,99.26722,4.314349,13.29018,12.37276,148.0144,86.163,1996,8,1,0.370985653934,0.357875438296,0.383880073217,0.344564286471,0.397599803305
Cameroonian,4.518311,995.9658,0,0,0,3.502056,4.013839,1008,9,2,0.0407098473923,0.0317765548603,0.0498332280684,0.0213525284891,0.0592747769141
Cape Verdean,677.564,3533.632,13.55646,3.767899,50.85667,766.0797,3190.544,8236,9,2,0.618108084962,0.614062818396,0.622105712437,0.61012486146,0.626140044179
Congolese,2.798638,100.1483,0,2.053016,0,0,0,105,9,2,0.117814862423,0.0773171382571,0.157576991886,0.0428771679351,0.19688071152
Ethiopian,108.5191,10714.54,7.559742,16.14148,22.6642,157.4621,48.10882,11075,9,2,0.0970430905126,0.0929302517003,0.101219890964,0.0885028116616,0.105466775228
Eritrean,37.92546,2146.507,3.498472,0,.9295457,29.74546,4.394216,2223,9,2,0.0965177468328,0.0873189062259,0.105641048897,0.0785816865909,0.114318617529
Ghanian,26.3773,6961.116,3.663954,30.68363,7.161365,39.55801,6.439677,7075,9,2,0.0550619564786,0.0506225609077,0.0594542181423,0.0462435383429,0.0638206645928
Kenyan,23.26782,3055.699,2.244145,11.86075,4.804253,39.47913,1.644626,3139,9,2,0.0815180810486,0.0740606336157,0.0891080284937,0.0661862197385,0.0962726857227
Liberian,14.25916,3476.069,.3527267,0,3.669858,21.59137,5.05825,3521,9,2,0.0433766210948,0.0379230944533,0.0488609621544,0.0322056707089,0.05415564094
Nigerian,125.9418,20920.92,4.363812,13.07429,142.514,164.6503,43.53524,21415,9,2,0.0733596920704,0.0706074903322,0.0761453667668,0.0678017671501,0.0789283727553
Senegalese,4.663619,493.0748,0,2.736447,.521228,3.003919,0,504,9,2,0.0694638366375,0.0532001317184,0.0868234697535,0.0342305542944,0.102342953412
Sierra Leonean,12.14921,1220.074,0,0,1.071359,22.06999,2.635542,1258,9,2,0.0853289026816,0.0741187727879,0.0966191417893,0.0622444580077,0.107657687074
Somalian,18.17627,5652.459,45.43166,1.831438,5.710482,88.70763,4.683676,5817,9,2,0.0838794493752,0.0785560725277,0.0892876207332,0.0729189786535,0.0945457749643
Sudanese,76.37895,2062.018,1.620962,18.99948,11.41131,133.287,286.2838,2590,9,2,0.384111894729,0.372884266962,0.395199343942,0.361335342208,0.406387674855
Ugandan,0,84.32361,0,.6763926,0,0,0,85,9,2,0.027144432645,0.0148093986491,0.0476792175023,-0.0307872653854,0.0476792175023
West African,18.49288,868.4671,0,0,0,4.519692,1.520368,893,9,2,0.0755425588757,0.0632677207487,0.0879564855717,0.0503479723295,0.0993963735949
African,1364.784,128015,67.82757,73.63813,693.3727,1808.155,173.2365,132196,9,2,0.0932142959569,0.092013737719,0.0944056920603,0.0908245305355,0.0956387822453
Afghan,5953.97,40.61919,3.105604,621.7982,27.22902,1314.797,23.48118,7985,10,4,0.401593144624,0.39617683,0.407039614536,0.390644615323,0.412722594386
"Bangladeshi (1990-2000, ACS, PRCS)",117.5853,55.87329,20.34723,10794.75,6.112105,167.2671,71.06094,11233,10,4,0.114453783725,0.110000167184,0.118877398875,0.105616216278,0.123420531151
"Bengali (1990-2000, ACS, PRCS)",14.71484,7.838902,8.708953,2216.078,5.000679,69.46045,4.198205,2326,10,4,0.128011056007,0.118031333433,0.13779952496,0.10847360354,0.147748156727
Bhutanese,0,0,0,116.3809,0,.6190871,0,117,10,4,0.0190727509387,0.00846034888815,0.0339305125957,-0.0277629913262,0.0339305125957
Nepali,88.90649,.599747,8.260515,3250.413,2.590907,106.0832,13.14645,3470,10,4,0.156782205376,0.148435819451,0.165189971095,0.139934060984,0.173447439399
"India (1990-2000, ACS, PRCS)",3920.269,2451.837,1332.056,217242.1,675.2426,6697.815,7103.718,239423,10,4,0.232440394477,0.231266860068,0.233625003462,0.230057998711,0.234823468016
Punjabi,27.22172,61.1315,15.93768,1875.778,4.513617,35.0629,39.35413,2059,10,4,0.228198783922,0.215350743058,0.240912865441,0.202144991677,0.253834135155
"Pakistani (1990-2000, ACS, PRCS)",1555.679,118.2924,23.80693,32418.83,37.14063,934.2094,101.0392,35189,10,4,0.183967974892,0.181323838035,0.186621329242,0.178563830606,0.189350916002
Kashmiri (1990-2000),.642409,0,0,53.96236,0,9.395232,0,64,10,4,0.251032070237,0.204980167554,0.303206508419,0.15678942447,0.343908980129
Sri Lankan,114.3776,29.00957,12.91528,4109.414,8.075611,123.7153,16.49285,4414,10,4,0.1770375839,0.169183833619,0.18488335202,0.1612088655,0.19278725461
"Burmese (1990-2000, ACS, PRCS)",36.9919,6.397529,1.079995,4106.298,8.277215,69.04549,9.909574,4238,4,4,0.0914659727556,0.0849863059796,0.0980314205971,0.0783152436259,0.104337110968
Cambodian,257.0536,25.26508,16.48859,24068.98,132.7892,564.2019,21.22035,25086,4,4,0.111841510083,0.108974405126,0.11468605436,0.106117624069,0.117547345862
Chinese,2268.965,456.4748,108.9356,326605.5,867.225,5546.213,134.6481,335988,4,4,0.0817752762653,0.0810879869263,0.0824648030119,0.080371166626,0.0831628505914
"Cantonese (1990-2000, ACS, PRCS)",7.152375,11.51238,.8205636,3591.864,5.792934,46.85785,0,3664,4,4,0.0607250529543,0.0547010836877,0.0668741102333,0.0483922253192,0.0728027230205
"Mongolian (1990-2000, ACS, PRCS)",85.7744,1.596813,.1724558,831.4924,22.2979,26.77536,1.890627,970,4,4,0.28760687599,0.270258666633,0.304473975295,0.254162082117,0.322335033387
Tibetan,4.020091,0,0,185.0175,3.610301,4.248328,.1037443,197,4,4,0.158166550057,0.125117393128,0.19470025616,0.0893041713348,0.226311210738
Hong Kong (1990-2000),1.67822,2.812152,0,515.0321,.8164313,9.661104,0,530,4,4,0.0828062489566,0.0654593293346,0.0998658651502,0.0466866072874,0.116607009621
Filipino,7154.093,470.5059,665.0571,258023.3,2188.419,16559.74,187.921,285249,4,4,0.213420979244,0.21245723401,0.214377361566,0.211472009763,0.215343601762
"Indonesian (1990-2000, ACS, PRCS)",251.0343,9.960013,23.93322,5098.432,21.83541,349.3849,25.41992,5780,4,4,0.254829653337,0.24769875767,0.261963061344,0.240511675883,0.26896156118
"Japanese (1990-2000, ACS, PRCS)",5402.385,198.9316,119.8056,107807.4,626.4597,10923.05,134.9947,125213,4,4,0.271360346506,0.269919641508,0.272796476568,0.268498919313,0.27430636949
Okinawan,74.00399,.4047747,1.437648,1079.115,1.954085,136.8557,1.228282,1295,4,4,0.299011934864,0.285538290027,0.312399470742,0.27219406471,0.326107159093
Korean,2978.934,235.5785,35.74756,150844.4,258.0992,5680.6,166.6374,160200,4,4,0.14295243078,0.141797852004,0.144102049872,0.140604462789,0.145279649329
Laotian,136.0042,12.21107,25.46234,20835.78,67.73074,535.3062,39.5096,21652,4,4,0.103899658622,0.100914991522,0.106881189565,0.0978435503973,0.109895638857
Hmong,30.96484,4.033734,11.3131,18398.06,30.75298,187.9161,29.9564,18693,4,4,0.051298784882,0.0488049299105,0.0538271269993,0.0461319878327,0.0564062136305
"Malaysian (1990-2000, ACS, PRCS)",49.78984,10.73984,16.593,2506.606,10.93531,129.7902,9.545316,2734,4,4,0.201864422933,0.191267923617,0.212275125791,0.18059405506,0.222324023837
Thai,709.5141,40.47171,31.8162,16551.32,58.61557,1310.076,25.18328,18727,4,4,0.241675196473,0.23787568133,0.245474952776,0.233983455393,0.249363643597
Taiwanese,309.6962,38.4393,19.4132,35784.5,45.82922,771.8124,31.30744,37001,4,4,0.0917767655077,0.0896081922138,0.0938875473079,0.0874683300804,0.0961138873032
"Vietnamese, Annamese",1136.958,58.79781,38.42451,146855,262.8366,2573.811,88.17283,151014,4,4,0.0790978298872,0.078074028567,0.0801050019606,0.0770866116219,0.0811758250526
Eurasian,465.0943,0,.1188853,62.35536,20.74549,524.8045,376.8814,1450,4,4,0.658416580877,0.650713630825,0.666034368634,0.643648238286,0.67349943835
"Amerasian (1990-2000, ACS, PRCS)",100.3075,2.256114,0,57.91408,4.920476,255.1915,209.4103,630,4,4,0.671481882952,0.658410840145,0.684575190225,0.645070215827,0.698596619342
Asian,2755.757,560.633,237.1363,38556.42,309.0704,3808.351,274.6307,46502,4,4,0.345135869907,0.342478665293,0.347776392232,0.339777138451,0.350501143598
Australian,6296.634,39.53315,5.313291,8.365607,17.71474,49.48143,5.957669,6423,1,1,0.0647269415369,0.0599250891113,0.0695305399627,0.0548640257407,0.0743268300369
New Zealander,1529.399,2.416652,7.888318,2.325458,4.981496,50.98909,0,1598,1,1,0.111600368798,0.100667174637,0.122415274014,0.0897420799454,0.13351360496
"Polynesian (1990-2000, ACS, PRCS)",232.3124,5.439499,736.254,9.699593,22.70355,133.2016,2.389313,1142,5,3,0.522639997147,0.508472969136,0.536808927588,0.494372216742,0.551422856319
Hawaiian,2357.868,83.09026,14416.23,221.8398,1212.428,6251.33,19.21326,24562,5,3,0.5663280328,0.563475384935,0.569187120559,0.560608317748,0.572082644179
"Samoan (1990-2000, ACS, PRCS)",269.2597,147.0296,7450.236,23.36978,93.54676,735.9694,10.58838,8730,5,3,0.304615606943,0.29863987903,0.310633257343,0.292761941114,0.316804590902
Tongan,30.25652,41.88163,3242.746,8.971356,24.72862,228.4161,0,3577,5,3,0.209349208308,0.20069914172,0.218044173285,0.192136211164,0.226839799372
"Micronesian (1990-2000, ACS, PRCS)",9.97935,0,1157.337,4.837342,8.27571,41.52156,11.04879,1233,5,3,0.160337094213,0.145806547391,0.174903878823,0.131022510834,0.188328861154
Guamanian,263.6454,34.28871,2864.757,18.39664,235.2603,463.981,9.670411,3890,5,3,0.469568131217,0.460707929298,0.478421650607,0.451643129748,0.487551196598
Chamorro Islander,48.2602,10.28765,2089.31,7.087773,50.18231,168.8725,0,2374,5,3,0.258631265133,0.24758667897,0.269858181576,0.236006533065,0.280896174982
Marshall Islander,0,0,123.9484,0,.5996173,16.452,0,141,5,3,0.202727758915,0.17150021087,0.23169947975,0.142518769629,0.266389941972
Fijian,21.13588,10.2839,1353.473,291.742,11.72916,130.6164,48.01938,1867,5,3,0.47107044548,0.458209486054,0.484141022295,0.44556313107,0.496938353854
"Pacific Islander (1990-2000, ACS, PRCS)",568.8542,36.91167,1577.278,858.0982,72.04963,636.6282,31.17981,3781,5,3,0.7438140876,0.737852942966,0.749633817628,0.732185968074,0.756047400609
"Afro-American (1990-2000, ACS, PRCS)",388.931,86438.75,55.19108,9.094936,313.7334,977.3112,159.992,88343,2,2,0.0678758291237,0.0665578845703,0.0691994611176,0.0652215596627,0.0705176803003
"Black (1990-2000, ACS, PRCS)",1504.915,275639,146.5477,45.51712,1681.875,8520.931,375.1832,287914,2,2,0.111671531026,0.110850013025,0.112477435599,0.110045297561,0.113326111086
"Negro (1990-2000, ACS, PRCS)",75.63674,12054.28,8.588883,1.325365,87.16222,123.8956,9.108634,12360,2,2,0.0761598264838,0.0724969972419,0.0797337232365,0.0689259048394,0.0835618029311
"Creole (1990-2000, ACS, PRCS)",233.2819,1282.584,6.373419,1.8963,58.77606,292.5668,433.522,2309,2,2,0.642890238938,0.633940461959,0.65172024175,0.625511188003,0.661058320492
Afro,16.07397,1192.458,.4346575,0,3.7531,55.586,3.694588,1272,2,2,0.149706040006,0.136619828811,0.162907947383,0.12327360876,0.175463465065
"African-American (1990-2000, ACS, PRCS)",9298.125,2729456,878.4615,209.9838,8829.893,35847.71,1652.671,2786173,2,2,0.0622295303228,0.062008881071,0.0624513134481,0.061794372311,0.0626791023663
"Central American Indian (1990-2000, ACS, PRCS)",56.56681,94.42992,114.4078,71.2154,1526.309,44.97815,25.09327,1933,3,3,0.447891306103,0.433360827378,0.462371755563,0.418844922774,0.477355606124
"South Amerianc Indian (1990-2000, ACS, PRCS)",48.72632,31.48707,113.1088,22.22496,600.7832,38.29231,73.37732,928,3,3,0.63355912256,0.61455754653,0.652386536453,0.595855273787,0.672365200424
American Indian  (all tribes),121632.8,9232.464,141852.5,895.7583,4976.153,34998.1,325.1744,313913,3,3,0.598268294314,0.59756829278,0.598979896157,0.59683774123,0.599720010759
Cherokee,28686.11,2245.232,9657.321,16.31469,226.6129,7406.571,22.83858,48261,3,3,0.561711991059,0.559868842583,0.563594999408,0.557811129989,0.565530244664
Native American,56248.74,3930.808,74445.17,57.65799,3139.284,13508.21,148.1316,151478,3,3,0.574253434512,0.573242306002,0.575281205346,0.572155553089,0.57631957472
Indian,53409.59,7756.904,116.6297,18546.42,625.6207,1443.214,1898.626,83797,3,3,0.535811219145,0.534090183083,0.537550460731,0.53238384199,0.539290593016
Aleut,63.02759,17.64773,1109.727,0,2.226975,253.3709,0,1446,3,3,0.364934242936,0.352489594955,0.377226983784,0.340648815774,0.389736484631
Eskimo,695.952,8.770458,11234.7,.8584839,65.24478,1041.991,2.482643,13050,3,3,0.26772490313,0.263438718815,0.272058993102,0.259097714936,0.276333190994
"White/Caucasian (1990-2000, ACS, PRCS)",1043998,1323.729,418.0098,249.0466,9389.835,3673.309,236.2042,1059288,1,1,0.0468459827883,0.0465236166472,0.0471685533904,0.0462074271305,0.0474984195966
"Anglo (1990-2000, ACS, PRCS)",68109.06,23.92881,13.14113,5.851808,255.2152,107.4443,6.360661,68521,1,1,0.0221236067705,0.0211660139423,0.0230697750885,0.0202035639416,0.0240203287348
"Appalachian (1990-2000, ACS, PRCS)",1912.339,0,.1897986,.3202851,5.468571,9.845801,5.836306,1934,1,1,0.0388698703899,0.0317818683513,0.0459592157761,0.0244039795867,0.0523194372862
French Canadian,167034.9,386.3828,847.8677,32.69632,292.1983,747.0379,25.94761,169367,1,1,0.0472779838814,0.0464362333121,0.0481166320781,0.0455822543798,0.0489311874655
"Acadian (1990-2000, ACS, PRCS)",1174.721,7.185976,0,2.139514,0,4.092983,.8604567,1189,1,1,0.0415163122308,0.0322332577054,0.0506302517355,0.0222295231912,0.0590776998423
"Cajun (1990-2000, ACS, PRCS)",8388.132,118.2458,13.57692,7.306224,31.00831,66.64197,8.088623,8633,1,1,0.0860932883682,0.0816027757478,0.090637352792,0.0768669852139,0.0952534162107
